name,description,units
tcb," ""Total consumer biomass density from 1mg to 1 tonne wet weight"""," ""g C / m^2"""
tsb," ""Total system biomass density (consumers, producers and detritus)"""," ""g C / m^2"""
b10cm," ""Biomass density of pelagic predators > 10 cm (10 g wet weight)"""," ""g C / m^2"""
b30cm," ""Biomass density of pelagic predators > 30 cm (270 g wet weight)"""," ""g C / m^2"""
b10cm-bendet," ""Biomass density of benthic detritivores > 10 cm"""," ""g C / m^2"""
b30cm-bendet," ""Biomass density of benthic detritivores > 30 cm"""," ""g C / m^2"""